ID_TRILHA;G_SAÚDE;G_ISOLAMENTO;G_TRILHA;N_ISOLAMENTO;N_TRILHA;M_225886;M_246180;M_268298;M_292402;M_318672;M_347302;M_378504;M_412509;M_449569;M_489959;M_533978;M_581951;M_634235;M_691215;M_753315;M_820994;M_894753;M_975139;M_1062747;M_1158226;M_1262283;M_1375688;M_1499282;M_1633980;M_1780779;M_1940767;M_2115128;M_2305154;M_2512253;M_2737957;M_2983939;M_3252021;M_3544187;M_3862602;M_4209624;M_4587823;F_225886;F_246180;F_268298;F_292402;F_318672;F_347302;F_378504;F_412509;F_449569;F_489959;F_533978;F_581951;F_634235;F_691215;F_753315;F_820994;F_894753;F_975139;F_1062747;F_1158226;F_1262283;F_1375688;F_1499282;F_1633980;F_1780779;F_1940767;F_2115128;F_2305154;F_2512253;F_2737957;F_2983939;F_3252021;F_3544187;F_3862602;F_4209624;F_4587823
I1_C0_T1;1,00;1,00;1,00;0,50;0,25;160660,00;147742,00;135860,00;124897,00;114802,00;105567,00;97018,00;89269,00;82007,00;75406,00;69314,00;63670,00;58544,00;53750,00;49407,00;45395,00;41713,00;38307,00;35186,00;32310,00;29668,00;27230,00;24990,00;22926,00;21026,00;19275,00;17660,00;16169,00;14784,00;13490,00;12300,00;11210,00;10206,00;9277,00;8413,00;7609,00;-86,32;-86,23;-86,14;-86,03;-85,91;-85,77;-85,62;-85,46;-85,27;-85,08;-84,84;-84,56;-84,36;-84,02;-83,69;-83,31;-82,87;-82,44;-81,94;-81,41;-80,82;-80,19;-79,49;-78,71;-77,88;-76,96;-75,96;-74,88;-73,72;-72,41;-70,87;-69,16;-67,32;-65,28;-63,04;-60,51
I1_C0_T11;1,00;1,00;11,00;0,50;2,75;125706,00;115581,00;106306,00;97732,00;89862,00;82657,00;75998,00;69879,00;64245,00;59056,00;54299,00;49925,00;45897,00;42153,00;38752,00;35603,00;32721,00;30051,00;27603,00;25354,00;23280,00;21374,00;19611,00;17994,00;16501,00;15127,00;13857,00;12685,00;11599,00;10583,00;9649,00;8791,00;7998,00;7264,00;6581,00;5945,00;-86,11;-86,04;-85,92;-85,83;-85,71;-85,58;-85,40;-85,25;-85,08;-84,88;-84,65;-84,43;-84,19;-83,87;-83,53;-83,12;-82,76;-82,31;-81,82;-81,30;-80,71;-80,08;-79,39;-78,63;-77,80;-76,89;-75,91;-74,83;-73,66;-72,37;-70,85;-69,17;-67,36;-65,34;-63,11;-60,60
I1_C0_T12;1,00;1,00;12,00;0,50;3,00;123545,00;113604,00;104458,00;96073,00;88320,00;81209,00;74677,00;68634,00;63115,00;58012,00;53352,00;49058,00;45077,00;41388,00;38048,00;34965,00;32120,00;29514,00;27111,00;24897,00;22865,00;20987,00;19259,00;17668,00;16202,00;14851,00;13604,00;12454,00;11386,00;10390,00;9468,00;8628,00;7850,00;7130,00;6459,00;5835,00;-86,11;-86,07;-85,97;-85,87;-85,74;-85,62;-85,48;-85,31;-85,13;-84,89;-84,71;-84,47;-84,21;-83,89;-83,52;-83,17;-82,78;-82,34;-81,85;-81,32;-80,74;-80,11;-79,42;-78,66;-77,84;-76,93;-75,94;-74,87;-73,69;-72,40;-70,88;-69,21;-67,37;-65,37;-63,14;-60,67
I1_C0_T2;1,00;1,00;2,00;0,50;0,50;152581,00;140354,00;129049,00;118616,00;109095,00;100293,00;92171,00;84735,00;77858,00;71563,00;65797,00;60484,00;55563,00;51008,00;46851,00;43064,00;39568,00;36348,00;33378,00;30655,00;28141,00;25830,00;23702,00;21741,00;19936,00;18274,00;16740,00;15327,00;14011,00;12783,00;11653,00;10620,00;9666,00;8784,00;7964,00;7199,00;-86,40;-86,33;-86,28;-86,11;-86,00;-85,86;-85,72;-85,54;-85,34;-85,15;-84,92;-84,65;-84,44;-84,11;-83,76;-83,37;-82,98;-82,52;-82,02;-81,50;-80,91;-80,27;-79,56;-78,80;-77,96;-77,04;-76,05;-74,96;-73,79;-72,49;-70,95;-69,24;-67,40;-65,36;-63,12;-60,60
I1_C0_T3;1,00;1,00;3,00;0,50;0,75;146452,00;134718,00;123921,00;113932,00;104755,00;96268,00;88539,00;81396,00;74848,00;68777,00;63234,00;58097,00;53396,00;49071,00;45041,00;41416,00;38059,00;34956,00;32105,00;29485,00;27074,00;24850,00;22808,00;20923,00;19188,00;17587,00;16112,00;14751,00;13489,00;12308,00;11219,00;10226,00;9308,00;8458,00;7666,00;6933,00;-86,28;-86,18;-86,09;-85,98;-85,85;-85,72;-85,58;-85,39;-85,22;-85,02;-84,79;-84,56;-84,29;-83,99;-83,60;-83,25;-82,85;-82,39;-81,91;-81,37;-80,78;-80,14;-79,45;-78,68;-77,84;-76,93;-75,94;-74,86;-73,68;-72,38;-70,83;-69,15;-67,30;-65,26;-63,01;-60,49
I1_C0_T4;1,00;1,00;4,00;0,50;1,00;140257,00;128971,00;118560,00;109035,00;100236,00;92149,00;84722,00;77889,00;71592,00;65785,00;60493,00;55616,00;51088,00;46923,00;43163,00;39644,00;36413,00;33437,00;30720,00;28210,00;25905,00;23777,00;21825,00;20016,00;18357,00;16827,00;15415,00;14114,00;12903,00;11775,00;10734,00;9782,00;8905,00;8089,00;7333,00;6627,00;-86,34;-86,22;-86,14;-86,02;-85,88;-85,76;-85,60;-85,42;-85,24;-85,07;-84,81;-84,55;-84,31;-83,98;-83,64;-83,27;-82,86;-82,39;-81,90;-81,37;-80,79;-80,14;-79,44;-78,67;-77,82;-76,91;-75,91;-74,83;-73,65;-72,35;-70,81;-69,12;-67,28;-65,24;-63,00;-60,49
I1_C0_T5;1,00;1,00;5,00;0,50;1,25;137046,00;125956,00;115816,00;106466,00;97900,00;90031,00;82759,00;76097,00;69969,00;64296,00;59114,00;54375,00;49944,00;45879,00;42136,00;38744,00;35598,00;32697,00;30036,00;27583,00;25326,00;23252,00;21333,00;19573,00;17950,00;16454,00;15073,00;13799,00;12617,00;11513,00;10496,00;9563,00;8705,00;7906,00;7166,00;6475,00;-86,20;-86,12;-86,04;-85,92;-85,82;-85,68;-85,55;-85,36;-85,15;-84,97;-84,74;-84,50;-84,24;-83,96;-83,55;-83,20;-82,81;-82,36;-81,87;-81,34;-80,76;-80,12;-79,44;-78,66;-77,82;-76,92;-75,92;-74,84;-73,68;-72,37;-70,85;-69,14;-67,31;-65,29;-63,06;-60,54
I1_C0_T6;1,00;1,00;6,00;0,50;1,50;133991,00;123211,00;113305,00;104179,00;95793,00;88063,00;80976,00;74460,00;68445,00;62911,00;57831,00;53157,00;48845,00;44847,00;41220,00;37888,00;34825,00;31988,00;29377,00;26977,00;24776,00;22739,00;20864,00;19143,00;17554,00;16091,00;14741,00;13495,00;12337,00;11257,00;10260,00;9349,00;8508,00;7728,00;7003,00;6329,00;-86,23;-86,13;-86,04;-85,95;-85,81;-85,69;-85,55;-85,37;-85,18;-84,97;-84,76;-84,52;-84,27;-83,99;-83,64;-83,24;-82,82;-82,38;-81,89;-81,36;-80,78;-80,15;-79,46;-78,69;-77,85;-76,95;-75,96;-74,88;-73,71;-72,41;-70,88;-69,20;-67,36;-65,33;-63,09;-60,58
I1_C0_T7;1,00;1,00;7,00;0,50;1,75;130365,00;119873,00;110238,00;101372,00;93220,00;85701,00;78781,00;72416,00;66619,00;61249,00;56296,00;51743,00;47515,00;43673,00;40110,00;36873,00;33879,00;31133,00;28596,00;26263,00;24117,00;22135,00;20310,00;18633,00;17086,00;15662,00;14347,00;13134,00;12009,00;10957,00;9987,00;9099,00;8282,00;7521,00;6814,00;6157,00;-86,21;-86,12;-86,03;-85,93;-85,80;-85,67;-85,51;-85,34;-85,16;-84,95;-84,74;-84,51;-84,21;-83,93;-83,57;-83,21;-82,80;-82,38;-81,89;-81,36;-80,79;-80,15;-79,46;-78,69;-77,86;-76,96;-75,96;-74,89;-73,72;-72,42;-70,90;-69,23;-67,38;-65,37;-63,11;-60,65
I1_C0_T8;1,00;1,00;8,00;0,50;2,00;128212,00;117793,00;108378,00;99625,00;91623,00;84232,00;77448,00;71176,00;65476,00;60159,00;55331,00;50877,00;46760,00;42912,00;39453,00;36257,00;33310,00;30600,00;28111,00;25815,00;23705,00;21757,00;19970,00;18317,00;16798,00;15396,00;14105,00;12913,00;11805,00;10771,00;9817,00;8946,00;8143,00;7394,00;6698,00;6053,00;-86,18;-86,08;-86,00;-85,89;-85,77;-85,64;-85,49;-85,35;-85,15;-84,94;-84,73;-84,49;-84,23;-83,92;-83,56;-83,20;-82,80;-82,37;-81,87;-81,35;-80,77;-80,13;-79,44;-78,68;-77,85;-76,94;-75,95;-74,87;-73,71;-72,41;-70,88;-69,21;-67,38;-65,37;-63,13;-60,62
I1_C0_T9;1,00;1,00;9,00;0,50;2,25;125819,00;115670,00;106322,00;97840,00;89965,00;82715,00;76051,00;69919,00;64296,00;59108,00;54339,00;49965,00;45886,00;42181,00;38753,00;35618,00;32721,00;30060,00;27616,00;25362,00;23291,00;21381,00;19617,00;18001,00;16507,00;15131,00;13861,00;12689,00;11602,00;10588,00;9651,00;8794,00;8003,00;7268,00;6587,00;5949,00;-86,16;-86,06;-85,96;-85,86;-85,75;-85,63;-85,45;-85,29;-85,12;-84,91;-84,69;-84,46;-84,22;-83,91;-83,57;-83,17;-82,74;-82,33;-81,84;-81,32;-80,75;-80,11;-79,42;-78,66;-77,83;-76,92;-75,93;-74,86;-73,69;-72,39;-70,88;-69,20;-67,38;-65,35;-63,10;-60,62
I1_C1_T5;0,00;1,00;5,00;0,50;1,25;156971,00;144404,00;132770,00;122185,00;112346,00;103340,00;95042,00;87423,00;80395,00;73919,00;67977,00;62520,00;57468,00;52773,00;48527,00;44614,00;41001,00;37683,00;34631,00;31815,00;29232,00;26845,00;24653,00;22631,00;20767,00;19051,00;17469,00;16012,00;14660,00;13395,00;12235,00;11178,00;10186,00;9292,00;8472,00;7695,00;-85,91;-85,85;-85,77;-85,66;-85,55;-85,44;-85,30;-85,16;-84,98;-84,79;-84,58;-84,36;-84,15;-83,85;-83,50;-83,15;-82,76;-82,34;-81,89;-81,39;-80,85;-80,23;-79,57;-78,85;-78,07;-77,20;-76,26;-75,23;-74,13;-72,91;-71,46;-69,92;-68,14;-66,23;-64,21;-62,34
I1_C1_T7;0,00;1,00;7,00;0,50;1,75;150597,00;138529,00;127407,00;117225,00;107801,00;99162,00;91164,00;83847,00;77122,00;70926,00;65214,00;59967,00;55120,00;50631,00;46539,00;42788,00;39321,00;36140,00;33209,00;30510,00;28026,00;25741,00;23636,00;21697,00;19908,00;18262,00;16743,00;15344,00;14045,00;12832,00;11719,00;10702,00;9749,00;8889,00;8099,00;7353,00;-85,94;-85,85;-85,77;-85,68;-85,58;-85,45;-85,32;-85,17;-85,00;-84,81;-84,61;-84,40;-84,18;-83,86;-83,54;-83,19;-82,81;-82,39;-81,94;-81,43;-80,89;-80,28;-79,63;-78,91;-78,13;-77,27;-76,33;-75,31;-74,22;-73,00;-71,55;-70,03;-68,27;-66,36;-64,36;-62,46
I1_C1_T9;0,00;1,00;9,00;0,50;2,25;140929,00;129598,00;119161,00;109642,00;100818,00;92748,00;85286,00;78443,00;72137,00;66331,00;60995,00;56086,00;51552,00;47373,00;43538,00;40022,00;36780,00;33803,00;31063,00;28536,00;26217,00;24075,00;22105,00;20290,00;18616,00;17075,00;15654,00;14344,00;13130,00;11997,00;10955,00;10003,00;9111,00;8305,00;7564,00;6863,00;-85,93;-85,86;-85,80;-85,70;-85,59;-85,48;-85,34;-85,19;-85,03;-84,85;-84,64;-84,42;-84,19;-83,90;-83,58;-83,23;-82,84;-82,43;-81,98;-81,48;-80,93;-80,34;-79,69;-78,98;-78,20;-77,34;-76,41;-75,39;-74,29;-73,07;-71,65;-70,13;-68,40;-66,50;-64,50;-62,58
I1_C2_T1;0,00;1,00;1,00;0,50;0,25;228289,00;210085,00;193304,00;177989,00;163677,00;150688,00;138547,00;127534,00;117273,00;107931,00;99271,00;91352,00;83941,00;76979,00;70762,00;65082,00;59853,00;55054,00;50614,00;46536,00;42774,00;39330,00;36150,00;33234,00;30540,00;28062,00;25778,00;23689,00;21723,00;19833,00;18128,00;16646,00;15202,00;14006,00;12948,00;11864,00;-85,45;-85,41;-85,33;-85,30;-85,23;-85,12;-85,05;-84,90;-84,77;-84,63;-84,46;-84,32;-84,22;-83,88;-83,52;-83,20;-82,81;-82,42;-81,98;-81,52;-81,00;-80,44;-79,81;-79,14;-78,41;-77,62;-76,77;-75,86;-74,97;-73,90;-72,39;-70,93;-69,08;-67,18;-65,48;-64,65
I1_C2_T3;0,00;1,00;3,00;0,50;0,75;179366,00;165065,00;151981,00;139844,00;128650,00;118388,00;108862,00;100200,00;92185,00;84812,00;78032,00;71814,00;65988,00;60533,00;55672,00;51205,00;47089,00;43300,00;39809,00;36595,00;33639,00;30913,00;28406,00;26105,00;23979,00;22021,00;20217,00;18560,00;17004,00;15513,00;14168,00;12981,00;11831,00;10862,00;9988,00;9112,00;-85,41;-85,38;-85,35;-85,26;-85,16;-85,07;-84,95;-84,82;-84,69;-84,52;-84,33;-84,17;-84,04;-83,75;-83,38;-83,01;-82,62;-82,22;-81,78;-81,31;-80,78;-80,19;-79,55;-78,86;-78,12;-77,30;-76,43;-75,49;-74,54;-73,43;-71,91;-70,42;-68,56;-66,63;-64,85;-63,76
I1_C2_T5;0,00;1,00;5,00;0,50;1,25;159764,00;146982,00;135181,00;124328,00;114375,00;105199,00;96751,00;88953,00;81833,00;75256,00;69205,00;63656,00;58497,00;53726,00;49392,00;45410,00;41746,00;38381,00;35277,00;32425,00;29797,00;27382,00;25159,00;23112,00;21228,00;19493,00;17896,00;16425,00;15059,00;13775,00;12604,00;11551,00;10558,00;9678,00;8886,00;8120,00;-85,91;-85,84;-85,74;-85,67;-85,57;-85,44;-85,31;-85,16;-84,99;-84,81;-84,61;-84,39;-84,19;-83,87;-83,53;-83,16;-82,77;-82,35;-81,89;-81,38;-80,81;-80,22;-79,56;-78,83;-78,05;-77,18;-76,25;-75,23;-74,15;-72,94;-71,45;-69,91;-68,11;-66,13;-64,15;-62,56
I1_C2_T7;0,00;1,00;7,00;0,50;1,75;153901,00;141523,00;130184,00;119728,00;110118,00;101266,00;93155,00;85643,00;78768,00;72458,00;66629,00;61281,00;56322,00;51719,00;47546,00;43709,00;40180,00;36936,00;33950,00;31203,00;28672,00;26348,00;24208,00;22239,00;20424,00;18753,00;17216,00;15802,00;14487,00;13253,00;12127,00;11110,00;10156,00;9307,00;8543,00;7810,00;-85,91;-85,84;-85,74;-85,67;-85,55;-85,43;-85,29;-85,15;-84,96;-84,77;-84,55;-84,34;-84,15;-83,82;-83,46;-83,09;-82,69;-82,26;-81,78;-81,27;-80,70;-80,07;-79,39;-78,65;-77,84;-76,95;-75,99;-74,95;-73,84;-72,60;-71,08;-69,50;-67,66;-65,63;-63,61;-61,91
I1_C3_T1;0,00;1,00;1,00;0,50;0,25;200739,00;184669,00;169832,00;156162,00;143551,00;132026,00;121400,00;111637,00;102629,00;94360,00;86744,00;79758,00;73296,00;67303,00;61855,00;56859,00;52248,00;48014,00;44110,00;40527,00;37221,00;34184,00;31387,00;28808,00;26437,00;24249,00;22234,00;20379,00;18657,00;17043,00;15567,00;14227,00;12963,00;11834,00;10800,00;9815,00;-86,37;-86,25;-86,18;-86,09;-85,98;-85,86;-85,73;-85,57;-85,42;-85,23;-85,04;-84,84;-84,63;-84,33;-84,02;-83,67;-83,30;-82,90;-82,46;-81,99;-81,47;-80,90;-80,27;-79,59;-78,85;-78,04;-77,15;-76,19;-75,16;-74,01;-72,63;-71,18;-69,50;-67,69;-65,83;-64,18
I1_C3_T3;0,00;1,00;3,00;0,50;0,75;172359,00;158409,00;145638,00;133882,00;123116,00;113160,00;104018,00;95625,00;87927,00;80815,00;74284,00;68282,00;62751,00;57632,00;52967,00;48666,00;44713,00;41081,00;37742,00;34666,00;31837,00;29230,00;26831,00;24624,00;22589,00;20717,00;18990,00;17401,00;15925,00;14548,00;13284,00;12132,00;11048,00;10076,00;9181,00;8337,00;-86,58;-86,52;-86,44;-86,34;-86,21;-86,08;-85,95;-85,79;-85,61;-85,42;-85,21;-84,98;-84,77;-84,46;-84,15;-83,80;-83,42;-83,02;-82,58;-82,10;-81,56;-80,99;-80,36;-79,67;-78,92;-78,10;-77,20;-76,23;-75,18;-74,02;-72,65;-71,19;-69,54;-67,71;-65,80;-64,06
I1_C3_T7;0,00;1,00;7,00;0,50;1,75;148932,00;136890,00;125879,00;115693,00;106358,00;97772,00;89859,00;82620,00;75943,00;69797,00;64145,00;58970,00;54171,00;49756,00;45722,00;42009,00;38601,00;35464,00;32579,00;29920,00;27479,00;25230,00;23157,00;21251,00;19495,00;17878,00;16387,00;15014,00;13740,00;12555,00;11465,00;10471,00;9535,00;8694,00;7920,00;7190,00;-86,77;-86,68;-86,55;-86,47;-86,34;-86,20;-86,06;-85,90;-85,71;-85,52;-85,32;-85,08;-84,85;-84,57;-84,23;-83,88;-83,50;-83,10;-82,66;-82,17;-81,64;-81,06;-80,43;-79,74;-78,99;-78,17;-77,27;-76,29;-75,24;-74,07;-72,71;-71,25;-69,58;-67,77;-65,86;-64,04
I1_C3_T9;0,00;1,00;9,00;0,50;2,25;140767,00;129364,00;118957,00;109361,00;100528,00;92387,00;84939,00;78077,00;71756,00;65961,00;60629,00;55728,00;51196,00;47028,00;43209,00;39706,00;36482,00;33514,00;30785,00;28276,00;25967,00;23839,00;21882,00;20079,00;18420,00;16890,00;15480,00;14181,00;12978,00;11858,00;10828,00;9885,00;9004,00;8204,00;7469,00;6778,00;-86,78;-86,71;-86,59;-86,48;-86,36;-86,23;-86,08;-85,92;-85,74;-85,54;-85,33;-85,10;-84,87;-84,57;-84,24;-83,90;-83,51;-83,11;-82,67;-82,18;-81,65;-81,07;-80,44;-79,75;-79,00;-78,17;-77,28;-76,30;-75,24;-74,07;-72,71;-71,25;-69,58;-67,78;-65,86;-64,03
I2_C0_T1;1,00;2,00;1,00;1,00;0,25;185993,00;171140,00;157387,00;144813,00;133209,00;122562,00;112735,00;103697,00;95372,00;87707,00;80697,00;74223,00;68207,00;62666,00;57588,00;52961,00;48663,00;44742,00;41121,00;37777,00;34704,00;31871,00;29259,00;26859,00;24643,00;22601,00;20720,00;18983,00;17368,00;15850,00;14453,00;13183,00;12009,00;10929,00;9923,00;8983,00;-85,56;-85,50;-85,44;-85,34;-85,24;-85,12;-85,02;-84,86;-84,73;-84,48;-84,27;-84,09;-83,89;-83,51;-83,20;-82,83;-82,44;-82,04;-81,58;-81,06;-80,50;-79,89;-79,21;-78,46;-77,65;-76,77;-75,81;-74,76;-73,63;-72,38;-70,86;-69,19;-67,37;-65,39;-63,19;-60,75
I2_C0_T10;1,00;2,00;10,00;1,00;2,50;138031,00;126946,00;116759,00;107418,00;98809,00;90884,00;83570,00;76868,00;70712,00;65000,00;59811,00;54990,00;50565,00;46446,00;42693,00;39243,00;36068,00;33141,00;30449,00;27969,00;25683,00;23588,00;21656,00;19868,00;18225,00;16710,00;15312,00;14022,00;12823,00;11705,00;10672,00;9728,00;8856,00;8049,00;7296,00;6598,00;-85,65;-85,59;-85,52;-85,43;-85,35;-85,20;-85,07;-84,91;-84,77;-84,59;-84,37;-84,15;-83,95;-83,62;-83,30;-82,93;-82,51;-82,11;-81,63;-81,12;-80,56;-79,94;-79,26;-78,51;-77,69;-76,81;-75,83;-74,77;-73,62;-72,34;-70,83;-69,17;-67,35;-65,37;-63,15;-60,70
I2_C0_T11;1,00;2,00;11,00;1,00;2,75;137595,00;126567,00;116495,00;107120,00;98540,00;90656,00;83390,00;76674,00;70516,00;64868,00;59627,00;54855,00;50398,00;46313,00;42574,00;39127,00;35984,00;33065,00;30378,00;27907,00;25632,00;23534,00;21603,00;19821,00;18183,00;16671,00;15277,00;13990,00;12795,00;11679,00;10650,00;9709,00;8837,00;8031,00;7281,00;6581,00;-85,61;-85,56;-85,50;-85,40;-85,30;-85,18;-85,06;-84,91;-84,76;-84,53;-84,34;-84,12;-83,89;-83,61;-83,29;-82,89;-82,54;-82,08;-81,61;-81,10;-80,53;-79,91;-79,23;-78,48;-77,67;-76,77;-75,80;-74,74;-73,59;-72,31;-70,80;-69,15;-67,34;-65,34;-63,12;-60,64
I2_C0_T12;1,00;2,00;12,00;1,00;3,00;135310,00;124484,00;114492,00;105322,00;96891,00;89125,00;81934,00;75400,00;69338,00;63800,00;58644,00;53939,00;49579,00;45564,00;41870,00;38499,00;35367,00;32504,00;29871,00;27440,00;25202,00;23140,00;21240,00;19490,00;17879,00;16393,00;15021,00;13754,00;12580,00;11483,00;10472,00;9544,00;8688,00;7895,00;7158,00;6468,00;-85,60;-85,54;-85,48;-85,39;-85,29;-85,18;-85,04;-84,89;-84,74;-84,55;-84,34;-84,12;-83,89;-83,60;-83,28;-82,89;-82,47;-82,08;-81,61;-81,10;-80,53;-79,91;-79,23;-78,48;-77,67;-76,77;-75,80;-74,74;-73,59;-72,31;-70,82;-69,15;-67,32;-65,35;-63,14;-60,66
I2_C0_T2;1,00;2,00;2,00;1,00;0,50;175666,00;161516,00;148634,00;136642,00;125664,00;115576,00;106259,00;97761,00;89872,00;82693,00;76015,00;69930,00;64284,00;58981,00;54225,00;49853,00;45791,00;42103,00;38667,00;35520,00;32623,00;29949,00;27489,00;25228,00;23142,00;21221,00;19447,00;17809,00;16291,00;14868,00;13556,00;12358,00;11258,00;10237,00;9289,00;8407,00;-85,81;-85,74;-85,70;-85,58;-85,47;-85,38;-85,26;-85,10;-84,90;-84,73;-84,54;-84,33;-84,09;-83,83;-83,45;-83,09;-82,69;-82,27;-81,80;-81,27;-80,71;-80,09;-79,40;-78,66;-77,85;-76,97;-75,99;-74,94;-73,81;-72,54;-71,04;-69,35;-67,52;-65,55;-63,34;-60,88
I2_C0_T3;1,00;2,00;3,00;1,00;0,75;168368,00;154841,00;142392,00;130978,00;120496,00;110813,00;101930,00;93715,00;86209,00;79284,00;72891,00;67006,00;61620,00;56568,00;51984,00;47810,00;43918,00;40373,00;37087,00;34068,00;31289,00;28732,00;26370,00;24197,00;22197,00;20353,00;18653,00;17083,00;15624,00;14260,00;13002,00;11854,00;10799,00;9816,00;8907,00;8055,00;-85,81;-85,73;-85,67;-85,57;-85,48;-85,35;-85,21;-85,09;-84,89;-84,70;-84,50;-84,31;-84,03;-83,74;-83,42;-83,07;-82,63;-82,22;-81,75;-81,24;-80,67;-80,04;-79,37;-78,62;-77,80;-76,92;-75,94;-74,88;-73,75;-72,48;-70,98;-69,31;-67,49;-65,49;-63,28;-60,83
I2_C0_T4;1,00;2,00;4,00;1,00;1,00;160649,00;147707,00;135925,00;125057,00;114981,00;105769,00;97240,00;89568,00;82309,00;75700,00;69591,00;64008,00;58812,00;54018,00;49656,00;45652,00;41954,00;38562,00;35429,00;32546,00;29896,00;27450,00;25193,00;23124,00;21212,00;19449,00;17827,00;16326,00;14935,00;13630,00;12428,00;11330,00;10319,00;9382,00;8511,00;7697,00;-85,72;-85,65;-85,58;-85,48;-85,38;-85,27;-85,12;-84,97;-84,82;-84,61;-84,41;-84,21;-83,96;-83,67;-83,29;-82,96;-82,55;-82,14;-81,67;-81,15;-80,58;-79,97;-79,28;-78,54;-77,72;-76,83;-75,86;-74,80;-73,66;-72,39;-70,88;-69,20;-67,39;-65,40;-63,18;-60,73
I2_C0_T5;1,00;2,00;5,00;1,00;1,25;153090,00;140934,00;129552,00;119216,00;109712,00;100908,00;92835,00;85409,00;78551,00;72267,00;66462,00;61162,00;56178,00;51641,00;47460,00;43659,00;40116,00;36888,00;33894,00;31144,00;28602,00;26271,00;24113,00;22134,00;20309,00;18625,00;17069,00;15638,00;14303,00;13055,00;11902,00;10854,00;9884,00;8987,00;8154,00;7378,00;-85,54;-85,47;-85,39;-85,29;-85,18;-85,07;-84,93;-84,81;-84,57;-84,45;-84,21;-84,03;-83,78;-83,50;-83,13;-82,78;-82,38;-81,97;-81,50;-81,00;-80,44;-79,82;-79,15;-78,40;-77,59;-76,70;-75,74;-74,68;-73,55;-72,28;-70,76;-69,11;-67,29;-65,29;-63,09;-60,63
I2_C0_T6;1,00;2,00;6,00;1,00;1,50;151623,00;139485,00;128281,00;117996,00;108503,00;99834,00;91815,00;84413,00;77676,00;71405,00;65650,00;60410,00;55444,00;50997,00;46903,00;43079,00;39591,00;36369,00;33424,00;30695,00;28190,00;25888,00;23764,00;21807,00;20003,00;18340,00;16809,00;15394,00;14078,00;12849,00;11717,00;10682,00;9726,00;8842,00;8021,00;7256,00;-85,76;-85,68;-85,60;-85,51;-85,41;-85,30;-85,17;-84,99;-84,84;-84,63;-84,46;-84,23;-84,00;-83,72;-83,42;-82,99;-82,59;-82,18;-81,71;-81,19;-80,63;-80,01;-79,34;-78,58;-77,76;-76,87;-75,91;-74,85;-73,71;-72,43;-70,93;-69,25;-67,44;-65,44;-63,22;-60,79
I2_C0_T7;1,00;2,00;7,00;1,00;1,75;146691,00;134899,00;124115,00;114179,00;105038,00;96618,00;88879,00;81790,00;75202,00;69129,00;63600,00;58461,00;53761,00;49405,00;45398,00;41755,00;38384,00;35271,00;32415,00;29778,00;27357,00;25119,00;23066,00;21166,00;19418,00;17808,00;16322,00;14947,00;13674,00;12483,00;11384,00;10380,00;9451,00;8592,00;7794,00;7047,00;-85,56;-85,48;-85,40;-85,30;-85,23;-85,11;-84,96;-84,83;-84,64;-84,47;-84,29;-84,05;-83,82;-83,49;-83,17;-82,83;-82,42;-82,00;-81,55;-81,02;-80,46;-79,84;-79,16;-78,41;-77,60;-76,71;-75,74;-74,68;-73,54;-72,27;-70,76;-69,10;-67,29;-65,29;-63,07;-60,60
I2_C0_T9;1,00;2,00;9,00;1,00;2,25;139456,00;128367,00;118075,00;108608,00;99904,00;91861,00;84502,00;77716,00;71479,00;65734,00;60456,00;55581,00;51096,00;46943,00;43159,00;39666,00;36436,00;33500,00;30784,00;28278,00;25971,00;23845,00;21886,00;20084,00;18423,00;16892,00;15479,00;14174,00;12962,00;11830,00;10790,00;9836,00;8953,00;8138,00;7379,00;6674,00;-85,66;-85,60;-85,54;-85,45;-85,36;-85,22;-85,11;-84,95;-84,79;-84,58;-84,38;-84,17;-83,93;-83,63;-83,29;-82,94;-82,55;-82,11;-81,65;-81,13;-80,56;-79,94;-79,27;-78,52;-77,70;-76,81;-75,84;-74,78;-73,64;-72,34;-70,83;-69,17;-67,36;-65,37;-63,16;-60,72
I2_C1_T11;0,00;2,00;11,00;1,00;2,75;150025,00;138013,00;126919,00;116659,00;107298,00;98672,00;90716,00;83440,00;76697,00;70523,00;64839,00;59609,00;54797,00;50348,00;46252,00;42514,00;39065,00;35900,00;32982,00;30300,00;27830,00;25559,00;23463,00;21536,00;19760,00;18123,00;16616,00;15227,00;13938,00;12739,00;11635,00;10627,00;9682,00;8829,00;8044,00;7306,00;-86,24;-86,21;-86,15;-86,08;-85,94;-85,83;-85,69;-85,54;-85,38;-85,18;-85,00;-84,78;-84,57;-84,28;-83,95;-83,62;-83,25;-82,85;-82,42;-81,95;-81,42;-80,85;-80,22;-79,54;-78,79;-77,98;-77,08;-76,11;-75,07;-73,90;-72,54;-71,09;-69,43;-67,62;-65,70;-63,89
I2_C1_T5;0,00;2,00;5,00;1,00;1,25;170115,00;156368,00;143785,00;132215,00;121544,00;111778,00;102746,00;94505,00;86874,00;79882,00;73428,00;67508,00;62047,00;56981,00;52370,00;48128,00;44233,00;40644,00;37345,00;34309,00;31516,00;28939,00;26572,00;24392,00;22381,00;20531,00;18825,00;17255,00;15796,00;14434,00;13186,00;12050,00;10979,00;10021,00;9143,00;8310,00;-86,33;-86,24;-86,17;-86,07;-85,96;-85,86;-85,74;-85,57;-85,41;-85,22;-85,01;-84,81;-84,61;-84,32;-84,00;-83,66;-83,29;-82,89;-82,45;-81,97;-81,45;-80,88;-80,25;-79,57;-78,83;-78,01;-77,12;-76,16;-75,12;-73,96;-72,59;-71,14;-69,46;-67,65;-65,76;-64,03
I2_C1_T7;0,00;2,00;7,00;1,00;1,75;159659,00;146894,00;135091,00;124246,00;114229,00;105017,00;96569,00;88791,00;81638,00;75053,00;69008,00;63438,00;58319,00;53558,00;49230,00;45247,00;41578,00;38208,00;35107,00;32250,00;29622,00;27202,00;24973,00;22923,00;21035,00;19293,00;17689,00;16212,00;14842,00;13564,00;12391,00;11319,00;10313,00;9409,00;8577,00;7794,00;-86,31;-86,27;-86,15;-86,07;-85,95;-85,85;-85,71;-85,55;-85,38;-85,21;-85,01;-84,80;-84,58;-84,29;-83,98;-83,63;-83,26;-82,87;-82,43;-81,96;-81,44;-80,86;-80,24;-79,55;-78,81;-77,99;-77,09;-76,13;-75,08;-73,92;-72,55;-71,11;-69,44;-67,63;-65,73;-63,95
I2_C2_T1;0,00;2,00;1,00;1,00;0,25;203164,00;186743,00;171891,00;158100,00;145436,00;133742,00;123052,00;113159,00;104048,00;95708,00;88020,00;80966,00;74414,00;68381,00;62832,00;57769,00;53104,00;48816,00;44865,00;41223,00;37874,00;34794,00;31955,00;29343,00;26934,00;24713,00;22669,00;20789,00;19041,00;17405,00;15907,00;14547,00;13266,00;12119,00;11075,00;10084,00;-85,84;-85,81;-85,72;-85,66;-85,54;-85,47;-85,35;-85,21;-85,06;-84,88;-84,71;-84,52;-84,33;-84,04;-83,72;-83,40;-83,05;-82,65;-82,23;-81,77;-81,27;-80,69;-80,08;-79,41;-78,68;-77,88;-77,00;-76,06;-75,04;-73,91;-72,55;-71,12;-69,48;-67,65;-65,79;-64,17
I2_C2_T3;0,00;2,00;3,00;1,00;0,75;176400,00;162188,00;149147,00;137210,00;126194,00;116082,00;106774,00;98160,00;90277,00;83023,00;76351,00;70218,00;64559,00;59293,00;54501,00;50108,00;46050,00;42331,00;38899,00;35737,00;32825,00;30156,00;27693,00;25425,00;23333,00;21407,00;19631,00;17997,00;16479,00;15063,00;13762,00;12577,00;11463,00;10464,00;9548,00;8683,00;-86,00;-85,90;-85,83;-85,79;-85,68;-85,55;-85,45;-85,31;-85,15;-84,97;-84,78;-84,57;-84,36;-84,10;-83,78;-83,45;-83,08;-82,70;-82,27;-81,80;-81,27;-80,72;-80,10;-79,42;-78,69;-77,88;-77,00;-76,04;-75,01;-73,86;-72,50;-71,06;-69,40;-67,59;-65,71;-64,01
I2_C2_T9;0,00;2,00;9,00;1,00;2,25;152141,00;139912,00;128677,00;118295,00;108789,00;100042,00;91971,00;84559,00;77759,00;71489,00;65732,00;60431,00;55546,00;51012,00;46892,00;43097,00;39609,00;36395,00;33443,00;30720,00;28217,00;25912,00;23791,00;21835,00;20035,00;18376,00;16846,00;15437,00;14132,00;12914,00;11795,00;10773,00;9815,00;8950,00;8154,00;7404,00;-86,29;-86,22;-86,12;-86,05;-85,94;-85,82;-85,68;-85,54;-85,37;-85,20;-84,99;-84,77;-84,55;-84,29;-83,97;-83,62;-83,26;-82,86;-82,43;-81,96;-81,43;-80,87;-80,24;-79,56;-78,82;-78,01;-77,12;-76,16;-75,11;-73,95;-72,60;-71,16;-69,50;-67,69;-65,80;-64,01
I2_C3_T11;0,00;2,00;11,00;1,00;2,75;134048,00;123242,00;113351,00;104234,00;95843,00;88112,00;81027,00;74503,00;68498,00;62973,00;57902,00;53226,00;48923,00;44941,00;41304,00;37958,00;34880,00;32050,00;29442,00;27046,00;24837,00;22806,00;20934,00;19211,00;17622,00;16158,00;14809,00;13566,00;12414,00;11341,00;10355,00;9452,00;8607,00;7839,00;7132,00;6467,00;-86,36;-86,27;-86,19;-86,10;-85,98;-85,86;-85,74;-85,59;-85,42;-85,24;-85,04;-84,83;-84,61;-84,33;-84,02;-83,68;-83,32;-82,93;-82,50;-82,03;-81,51;-80,95;-80,33;-79,65;-78,91;-78,10;-77,22;-76,25;-75,20;-74,04;-72,70;-71,25;-69,61;-67,81;-65,91;-64,05
I2_C3_T5;0,00;2,00;5,00;1,00;1,25;174863,00;160834,00;147978,00;136013,00;125123,00;115075,00;105828,00;97308,00;89497,00;82292,00;75670,00;69590,00;63955,00;58753,00;54003,00;49648,00;45623,00;41932,00;38535,00;35404,00;32525,00;29869,00;27427,00;25179,00;23108,00;21198,00;19439,00;17818,00;16317,00;14913,00;13622,00;12451,00;11346,00;10357,00;9448,00;8591,00;-86,06;-86,01;-85,97;-85,86;-85,77;-85,66;-85,53;-85,38;-85,23;-85,06;-84,86;-84,66;-84,42;-84,17;-83,85;-83,52;-83,16;-82,77;-82,34;-81,87;-81,37;-80,79;-80,17;-79,50;-78,77;-77,96;-77,07;-76,12;-75,09;-73,94;-72,59;-71,15;-69,51;-67,69;-65,82;-64,10
I2_C3_T7;0,00;2,00;7,00;1,00;1,75;156335,00;143802,00;132243,00;121611,00;111818,00;102827,00;94542,00;86935,00;79940,00;73502,00;67581,00;62140,00;57111,00;52452,00;48224,00;44317,00;40733,00;37431,00;34392,00;31594,00;29025,00;26651,00;24468,00;22460,00;20608,00;18903,00;17330,00;15881,00;14538,00;13287,00;12136,00;11086,00;10099,00;9212,00;8395,00;7626,00;-86,26;-86,19;-86,11;-86,01;-85,90;-85,80;-85,66;-85,52;-85,35;-85,16;-84,97;-84,75;-84,55;-84,25;-83,95;-83,60;-83,24;-82,85;-82,41;-81,94;-81,43;-80,85;-80,23;-79,55;-78,81;-78,00;-77,11;-76,14;-75,10;-73,95;-72,59;-71,16;-69,51;-67,70;-65,79;-64,02
I2_C4_T1;0,00;2,00;1,00;1,00;0,25;188343,00;173233,00;159270,00;146493,00;134720,00;123861,00;113873,00;104733,00;96298,00;88523,00;81385,00;74821,00;68760,00;63163,00;58043,00;53340,00;49016,00;45043,00;41383,00;38015,00;34902,00;32059,00;29433,00;27015,00;24786,00;22732,00;20842,00;19100,00;17484,00;15974,00;14589,00;13329,00;12141,00;11081,00;10106,00;9189,00;-86,25;-86,18;-86,13;-86,03;-85,93;-85,82;-85,69;-85,55;-85,41;-85,24;-85,04;-84,83;-84,64;-84,37;-84,06;-83,72;-83,36;-82,96;-82,54;-82,07;-81,56;-81,00;-80,39;-79,71;-78,98;-78,18;-77,30;-76,35;-75,33;-74,19;-72,83;-71,40;-69,77;-67,95;-66,08;-64,42
I2_C4_T3;0,00;2,00;3,00;1,00;0,75;170973,00;157189,00;144609,00;132973,00;122280,00;112484,00;103442,00;95112,00;87456,00;80424,00;73955,00;68004,00;62507,00;57416,00;52767,00;48505,00;44580,00;40971,00;37646,00;34583,00;31769,00;29176,00;26787,00;24591,00;22564,00;20698,00;18978,00;17393,00;15922,00;14549,00;13287,00;12138,00;11058,00;10088,00;9197,00;8359,00;-86,11;-86,05;-85,96;-85,88;-85,79;-85,67;-85,55;-85,39;-85,25;-85,07;-84,87;-84,67;-84,46;-84,18;-83,87;-83,54;-83,17;-82,79;-82,36;-81,89;-81,38;-80,81;-80,19;-79,51;-78,78;-77,97;-77,09;-76,14;-75,11;-73,96;-72,60;-71,16;-69,51;-67,71;-65,83;-64,11
I2_C4_T9;0,00;2,00;9,00;1,00;2,25;144373,00;132813,00;122232,00;112434,00;103392,00;95122,00;87491,00;80481,00;74021,00;68080,00;62617,00;57591,00;52935,00;48649,00;44724,00;41115,00;37796,00;34739,00;31926,00;29335,00;26952,00;24755,00;22732,00;20868,00;19150,00;17566,00;16107,00;14761,00;13512,00;12346,00;11275,00;10298,00;9380,00;8550,00;7788,00;7069,00;-85,82;-85,78;-85,70;-85,61;-85,51;-85,40;-85,28;-85,14;-84,98;-84,81;-84,62;-84,42;-84,20;-83,94;-83,62;-83,29;-82,93;-82,54;-82,11;-81,65;-81,13;-80,57;-79,96;-79,28;-78,54;-77,73;-76,85;-75,89;-74,86;-73,70;-72,35;-70,90;-69,25;-67,45;-65,55;-63,75
I3_C0_T1;1,00;3,00;1,00;1,50;0,25;186078,00;171199,00;157420,00;144754,00;133073,00;122363,00;112548,00;103384,00;95127,00;87466,00;80395,00;73849,00;67925,00;62376,00;57326,00;52647,00;48408,00;44435,00;40822,00;37495,00;34433,00;31604,00;28995,00;26606,00;24402,00;22372,00;20497,00;18767,00;17163,00;15658,00;14271,00;13010,00;11844,00;10769,00;9769,00;8837,00;-86,16;-86,10;-85,99;-85,90;-85,80;-85,68;-85,51;-85,41;-85,19;-85,00;-84,78;-84,56;-84,35;-84,02;-83,68;-83,31;-82,97;-82,50;-82,02;-81,51;-80,94;-80,33;-79,63;-78,90;-78,08;-77,19;-76,22;-75,18;-74,05;-72,78;-71,27;-69,59;-67,78;-65,79;-63,58;-61,14
I3_C0_T11;1,00;3,00;11,00;1,50;2,75;142416,00;130985,00;120491,00;110810,00;101885,00;93729,00;86174,00;79227,00;72865,00;67022,00;61625,00;56640,00;52060,00;47816,00;43943,00;40387,00;37114,00;34106,00;31334,00;28780,00;26423,00;24267,00;22273,00;20434,00;18741,00;17183,00;15744,00;14415,00;13184,00;12032,00;10971,00;10001,00;9105,00;8273,00;7503,00;6784,00;-85,92;-85,87;-85,78;-85,68;-85,58;-85,46;-85,35;-85,13;-84,99;-84,81;-84,57;-84,35;-84,11;-83,83;-83,45;-83,11;-82,72;-82,29;-81,81;-81,30;-80,73;-80,11;-79,42;-78,67;-77,85;-76,96;-75,98;-74,92;-73,78;-72,49;-70,99;-69,33;-67,51;-65,51;-63,31;-60,83
I3_C0_T12;1,00;3,00;12,00;1,50;3,00;140597,00;129329,00;118935,00;109384,00;100626,00;92552,00;85058,00;78252,00;71984,00;66209,00;60881,00;55973,00;51442,00;47255,00;43441,00;39929,00;36689,00;33718,00;30979,00;28458,00;26134,00;23996,00;22030,00;20212,00;18540,00;16998,00;15575,00;14263,00;13045,00;11907,00;10859,00;9898,00;9014,00;8192,00;7430,00;6720,00;-85,81;-85,73;-85,67;-85,58;-85,47;-85,34;-85,20;-85,08;-84,89;-84,72;-84,49;-84,28;-84,01;-83,73;-83,38;-83,01;-82,61;-82,20;-81,73;-81,22;-80,64;-80,03;-79,35;-78,60;-77,78;-76,89;-75,92;-74,86;-73,71;-72,43;-70,93;-69,26;-67,45;-65,46;-63,26;-60,79
I3_C0_T2;1,00;3,00;2,00;1,50;0,50;170223,00;156549,00;143996,00;132428,00;121755,00;112002,00;102968,00;94639,00;87100,00;80046,00;73640,00;67685,00;62185,00;57161,00;52501,00;48277,00;44342,00;40760,00;37442,00;34388,00;31581,00;28994,00;26611,00;24419,00;22396,00;20537,00;18820,00;17236,00;15763,00;14383,00;13115,00;11955,00;10884,00;9896,00;8977,00;8119,00;-85,91;-85,86;-85,80;-85,70;-85,57;-85,46;-85,31;-85,18;-85,00;-84,78;-84,58;-84,35;-84,14;-83,88;-83,46;-83,10;-82,72;-82,29;-81,81;-81,30;-80,74;-80,10;-79,42;-78,67;-77,85;-76,96;-75,99;-74,93;-73,79;-72,52;-71,00;-69,34;-67,52;-65,52;-63,33;-60,87
I3_C0_T3;1,00;3,00;3,00;1,50;0,75;163956,00;150817,00;138748,00;127630,00;117386,00;107975,00;99289,00;91305,00;83947,00;77228,00;71009,00;65296,00;59968,00;55123,00;50638,00;46574,00;42766,00;39317,00;36121,00;33179,00;30476,00;27975,00;25677,00;23558,00;21608,00;19810,00;18153,00;16621,00;15200,00;13870,00;12643,00;11525,00;10492,00;9536,00;8646,00;7820,00;-85,82;-85,73;-85,66;-85,57;-85,47;-85,35;-85,23;-85,07;-84,89;-84,74;-84,50;-84,27;-84,09;-83,78;-83,40;-83,05;-82,65;-82,25;-81,78;-81,28;-80,73;-80,08;-79,41;-78,67;-77,85;-76,96;-75,99;-74,94;-73,81;-72,54;-71,03;-69,36;-67,55;-65,56;-63,35;-60,89
I3_C0_T5;1,00;3,00;5,00;1,50;1,25;156658,00;144150,00;132541,00;121916,00;112088,00;103119,00;94804,00;87186,00;80185,00;73712,00;67794,00;62314,00;57277,00;52597,00;48379,00;44432,00;40817,00;37516,00;34468,00;31662,00;29075,00;26692,00;24497,00;22478,00;20618,00;18903,00;17320,00;15859,00;14504,00;13235,00;12066,00;10998,00;10015,00;9100,00;8252,00;7462,00;-85,94;-85,88;-85,80;-85,70;-85,59;-85,47;-85,32;-85,17;-85,01;-84,79;-84,62;-84,37;-84,13;-83,85;-83,50;-83,13;-82,72;-82,29;-81,83;-81,31;-80,74;-80,11;-79,43;-78,69;-77,87;-76,97;-76,01;-74,95;-73,80;-72,53;-71,01;-69,35;-67,54;-65,54;-63,33;-60,87
I3_C0_T6;1,00;3,00;6,00;1,50;1,50;151471,00;139292,00;128128,00;117852,00;108381,00;99663,00;91648,00;84266,00;77506,00;71271,00;65542,00;60261,00;55388,00;50881,00;46768,00;42975,00;39490,00;36275,00;33325,00;30615,00;28114,00;25808,00;23689,00;21734,00;19934,00;18275,00;16745,00;15332,00;14021,00;12794,00;11662,00;10629,00;9675,00;8793,00;7971,00;7206,00;-85,93;-85,88;-85,78;-85,69;-85,58;-85,46;-85,30;-85,18;-84,99;-84,80;-84,59;-84,33;-84,12;-83,85;-83,45;-83,10;-82,69;-82,29;-81,81;-81,29;-80,73;-80,11;-79,43;-78,68;-77,85;-76,96;-75,99;-74,93;-73,79;-72,51;-71,01;-69,33;-67,51;-65,52;-63,35;-60,84
I3_C0_T7;1,00;3,00;7,00;1,50;1,75;150135,00;138012,00;126938,00;116761,00;107390,00;98764,00;90805,00;83492,00;76778,00;70585,00;64921,00;59678,00;54876,00;50414,00;46309,00;42569,00;39107,00;35944,00;33017,00;30327,00;27850,00;25569,00;23471,00;21533,00;19750,00;18106,00;16591,00;15191,00;13893,00;12680,00;11561,00;10536,00;9592,00;8716,00;7902,00;7147,00;-85,93;-85,86;-85,77;-85,70;-85,58;-85,44;-85,32;-85,17;-84,98;-84,80;-84,59;-84,37;-84,12;-83,80;-83,52;-83,13;-82,71;-82,28;-81,80;-81,29;-80,71;-80,10;-79,42;-78,67;-77,85;-76,95;-75,98;-74,92;-73,77;-72,49;-71,00;-69,32;-67,51;-65,51;-63,30;-60,83
I3_C0_T8;1,00;3,00;8,00;1,50;2,00;146004,00;134295,00;123576,00;113621,00;104490,00;96101,00;88390,00;81240,00;74734,00;68724,00;63197,00;58108,00;53431,00;49096,00;45094,00;41430,00;38108,00;35007,00;32160,00;29538,00;27127,00;24905,00;22862,00;20976,00;19240,00;17639,00;16163,00;14800,00;13536,00;12354,00;11263,00;10266,00;9344,00;8492,00;7701,00;6964,00;-85,86;-85,79;-85,70;-85,61;-85,49;-85,37;-85,24;-85,08;-84,92;-84,73;-84,52;-84,28;-84,05;-83,76;-83,40;-83,06;-82,63;-82,22;-81,75;-81,24;-80,67;-80,05;-79,38;-78,61;-77,80;-76,91;-75,93;-74,88;-73,73;-72,45;-70,95;-69,28;-67,46;-65,47;-63,26;-60,80
I3_C0_T9;1,00;3,00;9,00;1,50;2,25;145078,00;133413,00;122697,00;112870,00;103805,00;95458,00;87769,00;80725,00;74208,00;68251,00;62734,00;57700,00;52990,00;48698,00;44748,00;41133,00;37798,00;34724,00;31900,00;29300,00;26904,00;24702,00;22674,00;20799,00;19075,00;17488,00;16024,00;14670,00;13415,00;12242,00;11161,00;10173,00;9260,00;8414,00;7629,00;6895,00;-85,98;-85,90;-85,84;-85,73;-85,63;-85,49;-85,38;-85,19;-85,01;-84,84;-84,62;-84,40;-84,16;-83,87;-83,53;-83,14;-82,73;-82,30;-81,84;-81,32;-80,74;-80,13;-79,45;-78,70;-77,87;-76,98;-76,01;-74,95;-73,80;-72,52;-71,01;-69,35;-67,53;-65,54;-63,33;-60,83
I3_C1_T11;0,00;3,00;11,00;1,50;2,75;160566,00;147564,00;135608,00;124671,00;114600,00;105349,00;96824,00;88991,00;81818,00;75187,00;69111,00;63510,00;58352,00;53585,00;49232,00;45241,00;41569,00;38187,00;35076,00;32215,00;29580,00;27156,00;24926,00;22871,00;20978,00;19236,00;17629,00;16149,00;14776,00;13495,00;12319,00;11247,00;10237,00;9332,00;8498,00;7710,00;-86,81;-86,74;-86,65;-86,52;-86,41;-86,27;-86,14;-85,97;-85,79;-85,60;-85,39;-85,17;-84,93;-84,65;-84,32;-83,98;-83,61;-83,21;-82,76;-82,29;-81,76;-81,19;-80,57;-79,89;-79,14;-78,34;-77,45;-76,49;-75,45;-74,30;-72,95;-71,50;-69,88;-68,06;-66,19;-64,45
I3_C1_T3;0,00;3,00;3,00;1,50;0,75;188039,00;172877,00;158891,00;146043,00;134217,00;123375,00;113390,00;104203,00;95791,00;88033,00;80905,00;74345,00;68315,00;62713,00;57626,00;52942,00;48637,00;44681,00;41042,00;37690,00;34607,00;31775,00;29166,00;26765,00;24553,00;22516,00;20639,00;18912,00;17308,00;15808,00;14435,00;13186,00;12007,00;10960,00;9994,00;9085,00;-86,91;-86,84;-86,72;-86,62;-86,51;-86,37;-86,22;-86,07;-85,89;-85,71;-85,49;-85,27;-85,05;-84,75;-84,43;-84,08;-83,71;-83,31;-82,86;-82,39;-81,86;-81,29;-80,67;-79,99;-79,24;-78,44;-77,56;-76,60;-75,58;-74,43;-73,07;-71,64;-69,98;-68,17;-66,32;-64,66
I3_C1_T5;0,00;3,00;5,00;1,50;1,25;176576,00;162352,00;149229,00;137151,00;126047,00;115858,00;106514,00;97899,00;89965,00;82664,00;76006,00;69853,00;64157,00;58923,00;54138,00;49737,00;45698,00;41980,00;38559,00;35413,00;32508,00;29855,00;27402,00;25146,00;23067,00;21152,00;19388,00;17764,00;16256,00;14847,00;13556,00;12381,00;11277,00;10286,00;9377,00;8516,00;-86,90;-86,81;-86,70;-86,61;-86,48;-86,35;-86,20;-86,04;-85,86;-85,66;-85,46;-85,25;-85,03;-84,72;-84,39;-84,05;-83,68;-83,28;-82,83;-82,36;-81,84;-81,26;-80,64;-79,96;-79,22;-78,41;-77,52;-76,57;-75,54;-74,39;-73,03;-71,59;-69,96;-68,14;-66,27;-64,58
I3_C2_T1;0,00;3,00;1,00;1,50;0,25;220217,00;202640,00;186262,00;171318,00;157455,00;144715,00;133033,00;122313,00;112420,00;103339,00;94988,00;87329,00;80219,00;73646,00;67687,00;62203,00;57142,00;52506,00;48237,00;44303,00;40698,00;37361,00;34303,00;31487,00;28888,00;26499,00;24296,00;22270,00;20386,00;18620,00;17006,00;15543,00;14163,00;12938,00;11818,00;10755,00;-86,66;-86,57;-86,47;-86,39;-86,30;-86,14;-86,02;-85,86;-85,69;-85,51;-85,31;-85,09;-84,91;-84,60;-84,28;-83,94;-83,57;-83,16;-82,74;-82,25;-81,74;-81,17;-80,55;-79,87;-79,13;-78,33;-77,46;-76,51;-75,50;-74,36;-73,00;-71,56;-69,88;-68,08;-66,25;-64,74
I3_C2_T7;0,00;3,00;7,00;1,50;1,75;176912,00;162662,00;149575,00;137516,00;126435,00;116226,00;106838,00;98251,00;90344,00;83021,00;76323,00;70166,00;64484,00;59209,00;54413,00;50001,00;45945,00;42217,00;38785,00;35624,00;32715,00;30045,00;27579,00;25314,00;23224,00;21300,00;19527,00;17894,00;16377,00;14961,00;13661,00;12477,00;11364,00;10368,00;9452,00;8587,00;-86,57;-86,49;-86,40;-86,30;-86,18;-86,04;-85,91;-85,77;-85,58;-85,39;-85,19;-84,97;-84,77;-84,47;-84,15;-83,80;-83,43;-83,03;-82,59;-82,11;-81,59;-81,02;-80,39;-79,71;-78,97;-78,16;-77,27;-76,31;-75,29;-74,14;-72,77;-71,33;-69,66;-67,87;-65,99;-64,31
I3_C2_T9;0,00;3,00;9,00;1,50;2,25;171095,00;157325,00;144654,00;132997,00;122279,00;112450,00;103372,00;95039,00;87365,00;80325,00;73851,00;67886,00;62388,00;57292,00;52653,00;48390,00;44467,00;40859,00;37537,00;34481,00;31668,00;29081,00;26696,00;24501,00;22480,00;20616,00;18900,00;17319,00;15852,00;14482,00;13223,00;12077,00;11001,00;10031,00;9143,00;8304,00;-86,50;-86,42;-86,32;-86,23;-86,12;-85,99;-85,85;-85,70;-85,53;-85,35;-85,13;-84,92;-84,70;-84,41;-84,09;-83,75;-83,38;-82,98;-82,54;-82,06;-81,55;-80,97;-80,35;-79,66;-78,92;-78,11;-77,22;-76,26;-75,22;-74,07;-72,72;-71,27;-69,63;-67,81;-65,93;-64,20
I3_C3_T1;0,00;3,00;1,00;1,50;0,25;225089,00;206864,00;190179,00;174814,00;160724,00;147765,00;135815,00;124863,00;114784,00;105508,00;96982,00;89136,00;81892,00;75189,00;69091,00;63486,00;58337,00;53602,00;49244,00;45231,00;41545,00;38149,00;35028,00;32151,00;29503,00;27066,00;24820,00;22753,00;20833,00;19035,00;17392,00;15904,00;14503,00;13254,00;12116,00;11033,00;-86,66;-86,58;-86,50;-86,40;-86,29;-86,15;-86,01;-85,88;-85,70;-85,53;-85,31;-85,12;-84,91;-84,63;-84,30;-83,95;-83,59;-83,19;-82,75;-82,28;-81,78;-81,19;-80,57;-79,89;-79,16;-78,36;-77,48;-76,53;-75,53;-74,39;-73,01;-71,58;-69,93;-68,11;-66,30;-64,75
I3_C3_T11;0,00;3,00;11,00;1,50;2,75;160741,00;147787,00;135926,00;124960,00;114910,00;105644,00;97161,00;89335,00;82125,00;75500,00;69428,00;63830,00;58661,00;53881,00;49521,00;45514,00;41828,00;38437,00;35312,00;32441,00;29797,00;27363,00;25121,00;23059,00;21156,00;19405,00;17790,00;16303,00;14923,00;13635,00;12454,00;11376,00;10363,00;9452,00;8615,00;7825,00;-86,36;-86,31;-86,21;-86,12;-86,00;-85,88;-85,75;-85,60;-85,42;-85,24;-85,03;-84,82;-84,61;-84,32;-84,00;-83,66;-83,30;-82,90;-82,46;-81,99;-81,48;-80,90;-80,28;-79,59;-78,85;-78,04;-77,16;-76,19;-75,16;-74,00;-72,64;-71,20;-69,52;-67,74;-65,85;-64,10
I3_C3_T3;0,00;3,00;3,00;1,50;0,75;193522,00;177844,00;163527,00;150331,00;138195,00;127087,00;116826,00;107400,00;98755,00;90758,00;83429,00;76708,00;70480,00;64733,00;59479,00;54665,00;50228,00;46150,00;42403,00;38951,00;35770,00;32853,00;30158,00;27684,00;25403,00;23302,00;21367,00;19584,00;17931,00;16387,00;14970,00;13681,00;12472,00;11385,00;10392,00;9457,00;-86,55;-86,51;-86,41;-86,31;-86,18;-86,06;-85,92;-85,78;-85,61;-85,40;-85,21;-85,00;-84,79;-84,50;-84,17;-83,83;-83,46;-83,06;-82,62;-82,15;-81,62;-81,05;-80,43;-79,75;-79,01;-78,20;-77,31;-76,35;-75,33;-74,18;-72,82;-71,38;-69,72;-67,92;-66,05;-64,39
I3_C3_T7;0,00;3,00;7,00;1,50;1,75;176616,00;162466,00;149357,00;137327,00;126275,00;116086,00;106729,00;98125,00;90232,00;82944,00;76243,00;70088,00;64423,00;59173,00;54372,00;49969,00;45920,00;42195,00;38770,00;35615,00;32711,00;30039,00;27582,00;25317,00;23231,00;21309,00;19537,00;17906,00;16392,00;14977,00;13681,00;12500,00;11391,00;10395,00;9484,00;8622,00;-86,50;-86,42;-86,34;-86,21;-86,10;-85,98;-85,83;-85,69;-85,51;-85,32;-85,12;-84,91;-84,70;-84,40;-84,08;-83,73;-83,37;-82,97;-82,54;-82,05;-81,54;-80,96;-80,33;-79,65;-78,92;-78,11;-77,22;-76,26;-75,23;-74,07;-72,71;-71,27;-69,61;-67,80;-65,93;-64,24
I3_C4_T11;0,00;3,00;11,00;1,50;2,75;139384,00;128144,00;117839,00;108344,00;99611,00;91577,00;84220,00;77402,00;71192,00;65415,00;60147,00;55302,00;50807,00;46664,00;42875,00;39406,00;36207,00;33270,00;30565,00;28071,00;25785,00;23670,00;21724,00;19940,00;18293,00;16775,00;15376,00;14087,00;12892,00;11774,00;10749,00;9815,00;8939,00;8150,00;7423,00;6738,00;-86,39;-86,32;-86,24;-86,13;-86,03;-85,94;-85,79;-85,66;-85,48;-85,33;-85,12;-84,91;-84,71;-84,42;-84,11;-83,77;-83,40;-83,01;-82,58;-82,11;-81,61;-81,02;-80,40;-79,72;-78,98;-78,18;-77,29;-76,34;-75,30;-74,15;-72,78;-71,34;-69,66;-67,87;-65,96;-64,19
I3_C4_T5;0,00;3,00;5,00;1,50;1,25;163676,00;150586,00;138401,00;127236,00;117001,00;107578,00;98877,00;90902,00;83604,00;76851,00;70649,00;64953,00;59673,00;54803,00;50366,00;46276,00;42534,00;39077,00;35903,00;32981,00;30266,00;27815,00;25534,00;23438,00;21505,00;19725,00;18086,00;16573,00;15172,00;13860,00;12658,00;11564,00;10544,00;9616,00;8771,00;7977,00;-86,47;-86,41;-86,31;-86,22;-86,10;-85,97;-85,85;-85,71;-85,54;-85,36;-85,17;-84,95;-84,74;-84,46;-84,13;-83,80;-83,42;-83,02;-82,59;-82,12;-81,59;-81,03;-80,40;-79,73;-78,99;-78,18;-77,30;-76,35;-75,32;-74,18;-72,80;-71,37;-69,69;-67,88;-65,99;-64,32
I3_C4_T9;0,00;3,00;9,00;1,50;2,25;145222,00;133540,00;122760,00;112842,00;103756,00;95385,00;87688,00;80596,00;74115,00;68145,00;62615,00;57560,00;52893,00;48582,00;44626,00;41018,00;37686,00;34623,00;31809,00;29213,00;26788,00;24633,00;22613,00;20752,00;19038,00;17460,00;16003,00;14662,00;13420,00;12257,00;11190,00;10220,00;9313,00;8490,00;7736,00;7023,00;-86,58;-86,50;-86,39;-86,30;-86,20;-86,07;-85,93;-85,76;-85,61;-85,40;-85,21;-85,02;-84,77;-84,50;-84,18;-83,84;-83,47;-83,08;-82,64;-82,16;-81,68;-81,07;-80,45;-79,76;-79,02;-78,21;-77,33;-76,36;-75,33;-74,18;-72,81;-71,36;-69,66;-67,88;-66,00;-64,23
I4_C0_T1;1,00;4,00;1,00;2,00;0,25;246198,00;226586,00;208371,00;191581,00;176185,00;162031,00;149011,00;136971,00;125987,00;115793,00;106460,00;97945,00;89957,00;82565,00;75958,00;69762,00;64105,00;58916,00;54138,00;49719,00;45662,00;41930,00;38490,00;35328,00;32422,00;29736,00;27264,00;24980,00;22857,00;20857,00;19023,00;17359,00;15833,00;14424,00;13110,00;11894,00;-86,02;-85,93;-85,89;-85,78;-85,67;-85,56;-85,43;-85,25;-85,11;-84,95;-84,70;-84,50;-84,26;-84,00;-83,67;-83,28;-82,87;-82,45;-81,96;-81,48;-80,92;-80,28;-79,62;-78,87;-78,07;-77,18;-76,23;-75,19;-74,11;-72,87;-71,34;-69,65;-67,85;-65,86;-63,67;-61,25
I4_C0_T11;1,00;4,00;11,00;2,00;2,75;158138,00;144921,00;133339,00;122623,00;112738,00;103664,00;95320,00;87648,00;80607,00;74144,00;68153,00;62679,00;57599,00;52859,00;48614,00;44679,00;41065,00;37734,00;34666,00;31839,00;29232,00;26846,00;24641,00;22614,00;20745,00;19022,00;17433,00;15968,00;14606,00;13336,00;12162,00;11094,00;10110,00;9196,00;8348,00;7561,00;-85,96;-85,82;-85,73;-85,66;-85,56;-85,46;-85,33;-85,14;-84,99;-84,83;-84,62;-84,40;-84,16;-83,83;-83,50;-83,18;-82,79;-82,35;-81,89;-81,37;-80,81;-80,19;-79,51;-78,77;-77,96;-77,08;-76,11;-75,07;-73,94;-72,66;-71,17;-69,51;-67,71;-65,71;-63,52;-61,08
I4_C0_T12;1,00;4,00;12,00;2,00;3,00;154464,00;142078,00;130402,00;119966,00;110477,00;101596,00;93442,00;85892,00;78988,00;72664,00;66797,00;61459,00;56417,00;51862,00;47678,00;43817,00;40274,00;37004,00;34005,00;31239,00;28686,00;26350,00;24186,00;22195,00;20367,00;18677,00;17119,00;15681,00;14347,00;13102,00;11950,00;10901,00;9935,00;9041,00;8210,00;7438,00;-85,67;-85,67;-85,65;-85,53;-85,45;-85,32;-85,16;-85,01;-84,87;-84,68;-84,48;-84,25;-84,08;-83,75;-83,41;-83,06;-82,67;-82,24;-81,78;-81,27;-80,73;-80,09;-79,41;-78,67;-77,87;-76,97;-76,01;-74,96;-73,83;-72,56;-71,06;-69,41;-67,61;-65,62;-63,43;-60,98
I4_C0_T2;1,00;4,00;2,00;2,00;0,50;225478,00;207424,00;190775,00;175456,00;161343,00;148389,00;136464,00;125409,00;115438,00;106148,00;97564,00;89709,00;82472,00;75715,00;69584,00;63948,00;58766,00;54008,00;49632,00;45588,00;41863,00;38451,00;35299,00;32397,00;29726,00;27267,00;25002,00;22905,00;20959,00;19129,00;17452,00;15920,00;14511,00;13217,00;12013,00;10896,00;-85,93;-85,87;-85,75;-85,66;-85,58;-85,45;-85,28;-85,17;-84,99;-84,78;-84,59;-84,40;-84,18;-83,90;-83,52;-83,15;-82,76;-82,35;-81,87;-81,35;-80,79;-80,17;-79,51;-78,76;-77,95;-77,07;-76,12;-75,09;-73,98;-72,73;-71,21;-69,53;-67,72;-65,73;-63,53;-61,13
I4_C0_T3;1,00;4,00;3,00;2,00;0,75;214804,00;197703,00;181851,00;167185,00;153762,00;141429,00;130057,00;119670,00;109992,00;101171,00;93011,00;85526,00;78578,00;72195,00;66409,00;60986,00;56058,00;51505,00;47316,00;43460,00;39920,00;36666,00;33658,00;30892,00;28342,00;25994,00;23830,00;21835,00;19979,00;18233,00;16627,00;15173,00;13832,00;12593,00;11440,00;10373,00;-85,87;-85,82;-85,75;-85,64;-85,52;-85,43;-85,29;-85,10;-84,97;-84,78;-84,57;-84,37;-84,16;-83,84;-83,49;-83,12;-82,77;-82,31;-81,84;-81,32;-80,78;-80,15;-79,46;-78,73;-77,92;-77,04;-76,08;-75,03;-73,94;-72,68;-71,17;-69,48;-67,69;-65,70;-63,50;-61,08
I4_C0_T4;1,00;4,00;4,00;2,00;1,00;205727,00;188942,00;174012,00;160102,00;147293,00;135414,00;124522,00;114560,00;105305,00;96864,00;89085,00;81933,00;75275,00;69166,00;63597,00;58417,00;53714,00;49341,00;45342,00;41662,00;38261,00;35134,00;32260,00;29612,00;27171,00;24919,00;22849,00;20934,00;19165,00;17480,00;15946,00;14550,00;13270,00;12078,00;10973,00;9948,00;-85,60;-85,62;-85,85;-85,61;-85,55;-85,30;-85,24;-85,06;-84,90;-84,67;-84,51;-84,29;-84,06;-83,75;-83,44;-83,06;-82,67;-82,24;-81,77;-81,26;-80,71;-80,09;-79,43;-78,67;-77,86;-76,98;-76,02;-74,99;-73,90;-72,64;-71,13;-69,44;-67,62;-65,64;-63,45;-61,04
I4_C0_T5;1,00;4,00;5,00;2,00;1,25;197720,00;181686,00;167597,00;154044,00;141841,00;130338,00;119989,00;110238,00;101438,00;93235,00;85771,00;78837,00;72448,00;66517,00;61151,00;56231,00;51669,00;47520,00;43653,00;40101,00;36830,00;33832,00;31066,00;28513,00;26160,00;23998,00;22001,00;20160,00;18444,00;16839,00;15361,00;14016,00;12781,00;11638,00;10578,00;9584,00;-85,76;-85,69;-85,75;-85,52;-85,47;-85,35;-85,24;-85,03;-84,88;-84,70;-84,51;-84,26;-83,98;-83,75;-83,48;-83,05;-82,65;-82,24;-81,77;-81,25;-80,71;-80,08;-79,42;-78,66;-77,86;-76,97;-76,01;-74,98;-73,86;-72,61;-71,08;-69,42;-67,60;-65,62;-63,43;-60,98
I4_C0_T7;1,00;4,00;7,00;2,00;1,75;184444,00;169673,00;155571,00;143177,00;131752,00;121193,00;111435,00;102495,00;94309,00;86650,00;79710,00;73280,00;67411,00;61894,00;56857,00;52234,00;48043,00;44146,00;40554,00;37258,00;34219,00;31432,00;28847,00;26477,00;24290,00;22281,00;20426,00;18712,00;17118,00;15627,00;14251,00;13001,00;11855,00;10789,00;9804,00;8883,00;-85,95;-85,78;-85,60;-85,58;-85,53;-85,41;-85,27;-85,06;-84,93;-84,76;-84,56;-84,32;-84,16;-83,85;-83,44;-83,12;-82,70;-82,28;-81,81;-81,32;-80,74;-80,13;-79,44;-78,71;-77,90;-77,01;-76,05;-75,02;-73,90;-72,64;-71,12;-69,45;-67,65;-65,66;-63,46;-61,04
I4_C0_T8;1,00;4,00;8,00;2,00;2,00;177536,00;163540,00;150013,00;137927,00;126950,00;116789,00;107338,00;98813,00;90845,00;83538,00;76781,00;70575,00;64876,00;59546,00;54758,00;50325,00;46250,00;42514,00;39057,00;35879,00;32956,00;30260,00;27778,00;25490,00;23385,00;21447,00;19660,00;18010,00;16476,00;15037,00;13716,00;12513,00;11405,00;10377,00;9425,00;8539,00;-85,92;-85,75;-85,70;-85,63;-85,53;-85,43;-85,30;-85,14;-84,98;-84,78;-84,57;-84,34;-84,12;-83,87;-83,50;-83,15;-82,73;-82,31;-81,85;-81,34;-80,76;-80,16;-79,47;-78,74;-77,92;-77,04;-76,08;-75,03;-73,92;-72,66;-71,15;-69,48;-67,68;-65,68;-63,49;-61,04
I4_C0_T9;1,00;4,00;9,00;2,00;2,25;164955,00;152378,00;139794,00;128686,00;118348,00;108794,00;100042,00;91995,00;84590,00;77825,00;71552,00;65745,00;60456,00;55509,00;51029,00;46870,00;43112,00;39593,00;36378,00;33421,00;30689,00;28174,00;25864,00;23734,00;21773,00;19965,00;18299,00;16759,00;15331,00;13994,00;12765,00;11639,00;10608,00;9648,00;8758,00;7933,00;-85,88;-85,85;-85,81;-85,73;-85,62;-85,48;-85,33;-85,20;-85,00;-84,86;-84,64;-84,45;-84,23;-83,89;-83,57;-83,15;-82,79;-82,36;-81,89;-81,38;-80,80;-80,19;-79,52;-78,77;-77,96;-77,08;-76,11;-75,06;-73,96;-72,67;-71,17;-69,51;-67,70;-65,71;-63,51;-61,07
I4_C1_T1;0,00;4,00;1,00;2,00;0,25;190207,00;175174,00;161269,00;148257,00;136533,00;125656,00;115652,00;106372,00;97918,00;90087,00;82918,00;76287,00;70133,00;64399,00;59233,00;54472,00;50106,00;46092,00;42388,00;38980,00;35850,00;32958,00;30289,00;27858,00;25608,00;23544,00;21643,00;19895,00;18275,00;16747,00;15340,00;14074,00;12916,00;11900,00;10976,00;10091,00;-85,04;-85,01;-84,95;-84,94;-84,89;-84,82;-84,73;-84,65;-84,54;-84,37;-84,24;-84,09;-83,92;-83,68;-83,37;-83,05;-82,71;-82,33;-81,94;-81,48;-80,97;-80,44;-79,83;-79,19;-78,47;-77,68;-76,83;-75,91;-74,93;-73,89;-72,48;-71,10;-69,25;-67,49;-65,70;-64,05
I4_C1_T11;0,00;4,00;11,00;2,00;2,75;156883,00;144238,00;132763,00;122138,00;112378,00;103398,00;95140,00;87566,00;80565,00;74115,00;68198,00;62740,00;57680,00;52979,00;48720,00;44796,00;41174,00;37897,00;34843,00;32036,00;29452,00;27079,00;24895,00;22881,00;21027,00;19324,00;17756,00;16315,00;14975,00;13719,00;12560,00;11513,00;10553,00;9703,00;8925,00;8183,00;-85,36;-85,33;-85,27;-85,22;-85,14;-85,05;-84,95;-84,81;-84,71;-84,52;-84,36;-84,18;-83,99;-83,77;-83,45;-83,11;-82,74;-82,38;-81,96;-81,50;-80,99;-80,44;-79,83;-79,15;-78,42;-77,62;-76,75;-75,82;-74,82;-73,74;-72,32;-70,92;-69,10;-67,32;-65,48;-63,69
I4_C1_T3;0,00;4,00;3,00;2,00;0,75;176453,00;162457,00;149530,00;137589,00;126642,00;116529,00;107240,00;98696,00;90771,00;83538,00;76867,00;70740,00;65076,00;59732,00;54943,00;50525,00;46493,00;42754,00;39325,00;36151,00;33240,00;30563,00;28107,00;25832,00;23741,00;21826,00;20062,00;18438,00;16930,00;15513,00;14209,00;13031,00;11945,00;10999,00;10128,00;9307,00;-85,17;-85,10;-85,05;-85,01;-84,96;-84,88;-84,78;-84,71;-84,52;-84,41;-84,25;-84,07;-83,91;-83,68;-83,36;-83,04;-82,67;-82,30;-81,90;-81,44;-80,95;-80,39;-79,77;-79,13;-78,40;-77,60;-76,75;-75,82;-74,83;-73,77;-72,36;-70,93;-69,16;-67,36;-65,56;-63,92
I4_C1_T5;0,00;4,00;5,00;2,00;1,25;172189,00;158470,00;145777,00;134172,00;123500,00;113664,00;104593,00;96204,00;88562,00;81469,00;74944,00;68991,00;63464,00;58220,00;53586,00;49286,00;45348,00;41694,00;38360,00;35266,00;32428,00;29810,00;27403,00;25203,00;23170,00;21298,00;19577,00;17992,00;16525,00;15143,00;13868,00;12716,00;11666,00;10740,00;9894,00;9098,00;-85,28;-85,20;-85,16;-85,09;-85,02;-84,94;-84,83;-84,71;-84,60;-84,44;-84,26;-84,08;-83,92;-83,71;-83,36;-83,03;-82,69;-82,29;-81,88;-81,42;-80,91;-80,36;-79,76;-79,09;-78,36;-77,56;-76,70;-75,77;-74,79;-73,72;-72,31;-70,90;-69,09;-67,30;-65,47;-63,72
I4_C1_T7;0,00;4,00;7,00;2,00;1,75;168858,00;155361,00;143139,00;131615,00;121064,00;111406,00;102473,00;94290,00;86738,00;79799,00;73410,00;67558,00;62130,00;57036,00;52439,00;48228,00;44316,00;40798,00;37518,00;34490,00;31703,00;29155,00;26815,00;24636,00;22644,00;20813,00;19126,00;17576,00;16136,00;14779,00;13530,00;12401,00;11378,00;10469,00;9635,00;8849,00;-85,40;-85,35;-85,31;-85,27;-85,19;-85,10;-85,01;-84,88;-84,74;-84,60;-84,42;-84,23;-84,07;-83,83;-83,49;-83,17;-82,81;-82,42;-82,00;-81,54;-81,03;-80,47;-79,87;-79,20;-78,47;-77,67;-76,80;-75,88;-74,88;-73,83;-72,40;-70,99;-69,15;-67,38;-65,56;-63,86
I4_C1_T9;0,00;4,00;9,00;2,00;2,25;160163,00;147401,00;135623,00;124789,00;114847,00;105695,00;97244,00;89458,00;82273,00;75711,00;69650,00;64087,00;58945,00;54113,00;49761,00;45756,00;42065,00;38699,00;35595,00;32722,00;30082,00;27654,00;25423,00;23366,00;21474,00;19732,00;18131,00;16662,00;15291,00;14003,00;12820,00;11746,00;10770,00;9900,00;9106,00;8351,00;-85,47;-85,41;-85,33;-85,31;-85,23;-85,13;-85,02;-84,90;-84,77;-84,61;-84,42;-84,22;-84,09;-83,82;-83,52;-83,18;-82,80;-82,43;-82,00;-81,55;-81,04;-80,47;-79,87;-79,19;-78,46;-77,66;-76,79;-75,85;-74,87;-73,79;-72,38;-70,96;-69,14;-67,36;-65,51;-63,75
